{
  "timestamp": 1782519510.209096,
  "quality_signal": 0.7384092404771208,
  "coupling_score": 0.20098039215686275,
  "cycle_count": 0,
  "god_file_count": 0,
  "hotspot_count": 0,
  "complex_fn_count": 1,
  "max_depth": 3,
  "total_import_edges": 408,
  "cross_module_edges": 207
}